<code_scheme name="JSCS">
  <JSCodeStyleSettings>
    <option name="SPACE_BEFORE_FUNCTION_LEFT_PARENTH" value="false" />
  </JSCodeStyleSettings>
  <codeStyleSettings language="JavaScript">
    <option name="KEEP_BLANK_LINES_IN_CODE" value="1" />
    <option name="SPACE_WITHIN_BRACKETS" value="true" />
    <option name="SPACE_BEFORE_IF_PARENTHESES" value="false" />
    <option name="SPACE_BEFORE_WHILE_PARENTHESES" value="false" />
    <option name="SPACE_BEFORE_FOR_PARENTHESES" value="false" />
    <option name="SPACE_BEFORE_CATCH_PARENTHESES" value="false" />
    <option name="SPACE_BEFORE_SWITCH_PARENTHESES" value="false" />
    <option name="SPACE_BEFORE_METHOD_LBRACE" value="false" />
    <option name="SPACE_BEFORE_IF_LBRACE" value="false" />
    <option name="SPACE_BEFORE_ELSE_LBRACE" value="false" />
    <option name="SPACE_BEFORE_WHILE_LBRACE" value="false" />
    <option name="SPACE_BEFORE_FOR_LBRACE" value="false" />
    <option name="SPACE_BEFORE_DO_LBRACE" value="false" />
    <option name="SPACE_BEFORE_SWITCH_LBRACE" value="false" />
    <option name="SPACE_BEFORE_TRY_LBRACE" value="false" />
    <option name="SPACE_BEFORE_CATCH_LBRACE" value="false" />
    <option name="SPACE_BEFORE_FINALLY_LBRACE" value="false" />
    <option name="IF_BRACE_FORCE" value="3" />
    <option name="DOWHILE_BRACE_FORCE" value="3" />
    <option name="WHILE_BRACE_FORCE" value="3" />
    <option name="FOR_BRACE_FORCE" value="3" />
  </codeStyleSettings>
</code_scheme>