{
  "rules": {
	"class-name": true,
	"jsdoc-format": true,
	"curly": true,
	"eofline": true,
	"forin": true,
	"indent": "spaces",
	"interface-name": false,
	"label-position": true,
	"label-undefined": true,
	"max-line-length": false,
	"no-any": false,
	"no-arg": true,
	"no-bitwise": true,
	"no-console": [false,
	  "debug",
	  "info",
	  "time",
	  "timeEnd",
	  "trace"
	],
	"no-construct": true,
	"no-debugger": true,
	"no-duplicate-key": true,
	"no-duplicate-variable": true,
	"no-empty": true,
	"no-eval": true,
	"no-string-literal": false,
	"trailing-comma": true,
	"no-unused-variable": false,
	"no-unreachable": true,
	"no-use-before-declare": null,
	"one-line": [false,
	  "check-open-brace",
	  "check-catch",
	  "check-else",
	  "check-whitespace"
	],
	"quotemark": [false, "double"],
	"radix": true,
	"semicolon": true,
	"triple-equals": [true, "allow-null-check"],
	"variable-name": false,
	"no-trailing-whitespace": false,
	"whitespace": [false,
	  "check-branch",
	  "check-decl",
	  "check-operator",
	  "check-separator",
	  "check-type",
	  "check-typecast"
	]
  }
}
